{"cameraMode":{"drawMode":0,"name":"Shaded","section":"Shading Mode"},"sceneLighting":true,"audioPlay":false,"sceneViewState":{"showFog":true,"showMaterialUpdate":false,"showSkybox":true,"showFlares":true,"showImageEffects":true,"showParticleSystems":true},"in2DMode":false,"pivot":{"x":3.6615121364593508,"y":-0.028163909912109376,"z":2.5606465339660646},"rotation":{"x":0.7003669738769531,"y":-0.022469697520136834,"z":0.022068863734602929,"w":0.71308833360672},"size":8.964980125427246,"orthographic":false}