{"cameraMode":{"drawMode":0,"name":"Shaded","section":"Shading Mode"},"sceneLighting":false,"audioPlay":false,"sceneViewState":{"showFog":true,"showMaterialUpdate":false,"showSkybox":false,"showFlares":true,"showImageEffects":true,"showParticleSystems":true},"in2DMode":false,"pivot":{"x":1.6829720735549927,"y":2.7899999618530275,"z":5.720993995666504},"rotation":{"x":0.2751729488372803,"y":-0.45242840051651,"z":0.14908824861049653,"w":0.835094690322876},"size":0.4898979663848877,"orthographic":false}