{"cameraMode":{"drawMode":0,"name":"Shaded","section":"Shading Mode"},"sceneLighting":false,"audioPlay":false,"sceneViewState":{"showFog":true,"showMaterialUpdate":false,"showSkybox":false,"showFlares":true,"showImageEffects":true,"showParticleSystems":true},"in2DMode":false,"pivot":{"x":-0.18473148345947267,"y":5.955426216125488,"z":7.384700775146484},"rotation":{"x":0.23636814951896668,"y":-0.42099979519844057,"z":0.11462283879518509,"w":0.8682026863098145},"size":10.0,"orthographic":false}