{"cameraMode":{"drawMode":0,"name":"Shaded","section":"Shading Mode"},"sceneLighting":false,"audioPlay":false,"sceneViewState":{"showFog":true,"showMaterialUpdate":false,"showSkybox":false,"showFlares":true,"showImageEffects":true,"showParticleSystems":true},"in2DMode":false,"pivot":{"x":-0.000002422362967990921,"y":0.000018898092093877494,"z":-0.000005556263204198331},"rotation":{"x":0.000014016041859576944,"y":0.9999868869781494,"z":0.0026894286274909975,"w":-0.0056994385085999969},"size":0.000017320508050033823,"orthographic":false}