{"cameraMode":{"drawMode":0,"name":"Shaded","section":"Shading Mode"},"sceneLighting":false,"audioPlay":false,"sceneViewState":{"showFog":true,"showMaterialUpdate":false,"showSkybox":false,"showFlares":true,"showImageEffects":true,"showParticleSystems":true},"in2DMode":false,"pivot":{"x":1.04296875,"y":12.4404296875,"z":-59.345458984375},"rotation":{"x":0.07177317142486572,"y":0.6674466729164124,"z":-0.06487395614385605,"w":0.7383564710617065},"size":20.645565032958986,"orthographic":true}