{"cameraMode":{"drawMode":0,"name":"Shaded","section":"Shading Mode"},"sceneLighting":false,"audioPlay":false,"sceneViewState":{"showFog":true,"showMaterialUpdate":false,"showSkybox":false,"showFlares":true,"showImageEffects":true,"showParticleSystems":true},"in2DMode":false,"pivot":{"x":0.0,"y":0.8899999856948853,"z":0.30000001192092898},"rotation":{"x":0.3017438054084778,"y":0.43544435501098635,"z":-0.15766707062721253,"w":0.8333563208580017},"size":1.3747726678848267,"orthographic":false}