{"cameraMode":{"drawMode":0,"name":"Shaded","section":"Shading Mode"},"sceneLighting":true,"audioPlay":false,"sceneViewState":{"showFog":true,"showMaterialUpdate":false,"showSkybox":true,"showFlares":true,"showImageEffects":true,"showParticleSystems":true},"in2DMode":false,"pivot":{"x":2.7404723167419435,"y":-1.4745073318481446,"z":4.207088470458984},"rotation":{"x":-0.2679118514060974,"y":0.11727336794137955,"z":-0.03287489339709282,"w":-0.9557183980941773},"size":13.508729934692383,"orthographic":false}