{"cameraMode":{"drawMode":0,"name":"Shaded","section":"Shading Mode"},"sceneLighting":false,"audioPlay":false,"sceneViewState":{"showFog":true,"showMaterialUpdate":false,"showSkybox":false,"showFlares":true,"showImageEffects":true,"showParticleSystems":true},"in2DMode":false,"pivot":{"x":-49.500003814697269,"y":4.234116077423096,"z":47.156429290771487},"rotation":{"x":0.1693478524684906,"y":0.4337681531906128,"z":-0.0833757072687149,"w":0.8810357451438904},"size":886.0196533203125,"orthographic":true}