{"cameraMode":{"drawMode":0,"name":"Shaded","section":"Shading Mode"},"sceneLighting":false,"audioPlay":false,"sceneViewState":{"showFog":true,"showMaterialUpdate":false,"showSkybox":false,"showFlares":true,"showImageEffects":true,"showParticleSystems":true},"in2DMode":false,"pivot":{"x":-0.9970011711120606,"y":-0.9388585090637207,"z":-2.7721056938171388},"rotation":{"x":0.15261627733707429,"y":0.8445062637329102,"z":-0.32308998703956606,"w":0.39891549944877627},"size":4.074772357940674,"orthographic":false}