{"cameraMode":{"drawMode":0,"name":"Shaded","section":"Shading Mode"},"sceneLighting":false,"audioPlay":false,"sceneViewState":{"showFog":true,"showMaterialUpdate":false,"showSkybox":false,"showFlares":true,"showImageEffects":true,"showParticleSystems":true},"in2DMode":false,"pivot":{"x":-3.92822265625,"y":2.036865234375,"z":-23.133056640625},"rotation":{"x":0.10587245970964432,"y":0.6648104190826416,"z":-0.09598837047815323,"w":0.7332257628440857},"size":3.796691417694092,"orthographic":true}