{"cameraMode":{"drawMode":0,"name":"Shaded","section":"Shading Mode"},"sceneLighting":false,"audioPlay":false,"sceneViewState":{"showFog":true,"showMaterialUpdate":false,"showSkybox":false,"showFlares":true,"showImageEffects":true,"showParticleSystems":true},"in2DMode":false,"pivot":{"x":2.7700002193450929,"y":2.7674999237060549,"z":0.5250000953674316},"rotation":{"x":-0.2112850546836853,"y":-0.060949698090553287,"z":0.01320184487849474,"w":-0.9754372239112854},"size":6.956517219543457,"orthographic":false}