{"cameraMode":{"drawMode":0,"name":"Shaded","section":"Shading Mode"},"sceneLighting":false,"audioPlay":false,"sceneViewState":{"showFog":true,"showMaterialUpdate":false,"showSkybox":false,"showFlares":true,"showImageEffects":true,"showParticleSystems":true},"in2DMode":false,"pivot":{"x":-0.5099730491638184,"y":2.570000171661377,"z":-20.04175567626953},"rotation":{"x":0.10587245970964432,"y":0.6648104190826416,"z":-0.09598837047815323,"w":0.7332257628440857},"size":11.693009376525879,"orthographic":true}