{"cameraMode":{"drawMode":0,"name":"Shaded","section":"Shading Mode"},"sceneLighting":false,"audioPlay":false,"sceneViewState":{"showFog":true,"showMaterialUpdate":false,"showSkybox":false,"showFlares":true,"showImageEffects":true,"showParticleSystems":true},"in2DMode":false,"pivot":{"x":0.6158654689788818,"y":1.3028209209442139,"z":-0.010318666696548462},"rotation":{"x":-0.3210548460483551,"y":0.4201795756816864,"z":-0.16191430389881135,"w":-0.8331617116928101},"size":2.461562156677246,"orthographic":false}